name	source	ensembl_gene	ensembl_source
MGI:101762	MGI:95337[0];Ensembl.MGI:11960[1>0]	ENSMUSG00000008398	CURATED:43[0];MGI:78039[13];MGI:78039[13|6>12|0];Ensembl.MGI:11960[1>0]
MGI:101791	MGI:164620[0];Ensembl.MGI:21206[1>0]	ENSMUSG00000042258	CURATED:134[0];MGI:164620[13|6];MGI:164620[13|6>12|0];Ensembl.MGI:21206[1>0]
MGI:101896	MGI:188332[0];Ensembl.MGI:35757[1>0]	ENSMUSG00000090125	CURATED:202[0];MGI:180402[13];MGI:180402[13|6>12|0];Ensembl.MGI:35757[1>0]
MGI:101897	MGI:188329[0];Ensembl.MGI:37552[1>0]	ENSMUSG00000008496	CURATED:201[0];MGI:176985[13];MGI:176985[13|6>12|0];Ensembl.MGI:37552[1>0]
MGI:101898	MGI:188328[0];Ensembl.MGI:53587[1>0]	ENSMUSG00000026565	CURATED:200[0];MGI:10164[13];MGI:10164[13|6>12|0];Ensembl.MGI:53587[1>0]
MGI:101926	MGI:86120[0];Ensembl.MGI:11218[1>0]	ENSMUSG00000029755	CURATED:28[0];MGI:23996[13];MGI:23996[13|6>12|0];Ensembl.MGI:11218[1>0]
MGI:101927	MGI:86121[0];Ensembl.MGI:10931[1>0]	ENSMUSG00000029754	CURATED:29[0];MGI:86121[13|6];MGI:86121[13|6>12|0];Ensembl.MGI:10931[1>0]
MGI:101934	MGI:569176[0];Ensembl.MGI:10049[1>0]	ENSMUSG00000038482	CURATED:258[0];MGI:569176[13|6];MGI:569176[13|6>12|0];Ensembl.MGI:10049[1>0]
MGI:102539	MGI:568352[0];Ensembl.MGI:52391[1>0]	ENSMUSG00000030699	CURATED:251[0];MGI:563040[13];MGI:563040[13|6>12|0];Ensembl.MGI:52391[1>0]
MGI:102541	MGI:568351[0];Ensembl.MGI:41372[1>0]	ENSMUSG00000018263	CURATED:250[0];MGI:568351[13|6];MGI:568351[13|6>12|0];Ensembl.MGI:41372[1>0]
MGI:102556	MGI:568350[0];Ensembl.MGI:55464[1>0]	ENSMUSG00000000094	CURATED:249[0];MGI:568350[13|6];MGI:568350[13|6>12|0];Ensembl.MGI:55464[1>0]
MGI:102672	MGI:563031[0];Ensembl.MGI:23185[1>0]	ENSMUSG00000070691	CURATED:215[0];MGI:39131[13];MGI:39131[13|6>12|0];Ensembl.MGI:23185[1>0]
MGI:102764	MGI:564515[0];Ensembl.MGI:46883[1>0]	ENSMUSG00000038805	CURATED:220[0];MGI:88088[13];MGI:88088[13|6>12|0];Ensembl.MGI:46883[1>0]
MGI:102811	MGI:166937[0];Ensembl.MGI:56031[1>0]	ENSMUSG00000032698	CURATED:152[0];MGI:190607[13];MGI:166937[13|6>12|0];Ensembl.MGI:56031[1>0]
MGI:102853	MGI:95338[0];Ensembl.MGI:47313[1>0]	ENSMUSG00000026436	CURATED:44[0];MGI:7670[13];MGI:7670[13|6>12|0];Ensembl.MGI:47313[1>0]
MGI:102858	MGI:100520[0];Ensembl.MGI:45550[1>0]	ENSMUSG00000029135	CURATED:58[0];MGI:100520[13|6];MGI:100520[13|6>12|0];Ensembl.MGI:45550[1>0]
MGI:103012	MGI:88226[0];Ensembl.MGI:35008[1>0]	ENSMUSG00000014859	CURATED:34[0];MGI:7043[13];MGI:7043[13|6>12|0];Ensembl.MGI:35008[1>0]
MGI:103036	MGI:566980[0];Ensembl.MGI:20980[1>0]	ENSMUSG00000004043	CURATED:243[0];MGI:21438[13];MGI:21438[13|6>12|0];Ensembl.MGI:20980[1>0]
MGI:103038	MGI:566978[0];Ensembl.MGI:21980[1>0]	ENSMUSG00000004040	CURATED:241[0];MGI:3785[13];MGI:3785[13|6>12|0];Ensembl.MGI:21980[1>0]
MGI:103062	MGI:566979[0];Ensembl.MGI:12784[1>0]	ENSMUSG00000062939	CURATED:242[0];MGI:566979[13|6];MGI:566979[13|6>12|0];Ensembl.MGI:12784[1>0]
MGI:103063	MGI:566976[0];Ensembl.MGI:14824[1>0]	ENSMUSG00000026104	CURATED:240[0];MGI:6918[13];MGI:6918[13|6>12|0];Ensembl.MGI:14824[1>0]
MGI:103170	MGI:101524[0];Ensembl.MGI:13172[1>0]	ENSMUSG00000029275	CURATED:82[0];MGI:31726[13];MGI:31726[13|6>12|0];Ensembl.MGI:13172[1>0]
MGI:103219	MGI:169315[0];Ensembl.MGI:14621[1>0]	ENSMUSG00000036144	CURATED:166[0];MGI:25147[13];MGI:25147[13|6>12|0];Ensembl.MGI:14621[1>0]
MGI:103220	MGI:169314[0];Ensembl.MGI:31361[1>0]	ENSMUSG00000001493	CURATED:165[0];MGI:23961[13];MGI:23961[13|6>12|0];Ensembl.MGI:31361[1>0]
MGI:103222	MGI:752144[0];Ensembl.MGI:3986[1>0]	ENSMUSG00000066687	CURATED:269[0];MGI:24870[13];MGI:24870[13|6>12|0];Ensembl.MGI:3986[1>0]
MGI:103296	MGI:174590[0];Ensembl.MGI:4962[1>0]	ENSMUSG00000031902	CURATED:179[0];MGI:38172[13];MGI:38172[13|6>12|0];Ensembl.MGI:4962[1>0]
MGI:103559	MGI:566109[0];Ensembl.MGI:27369[1>0]	ENSMUSG00000046470	CURATED:226[0];MGI:23994[13];MGI:23994[13|6>12|0];Ensembl.MGI:27369[1>0]
MGI:103572	MGI:40074[0];Ensembl.MGI:34932[1>0]	ENSMUSG00000052435	CURATED:20[0];MGI:123353[13];MGI:40074[13|6>12|0];Ensembl.MGI:34932[1>0]
MGI:103573	MGI:40073[0];Ensembl.MGI:2968[1>0]	ENSMUSG00000071637	CURATED:19[0];MGI:40073[13|6];MGI:40073[13|6>12|0];Ensembl.MGI:2968[1>0]
MGI:103577	MGI:160276[0];Ensembl.MGI:42668[1>0]	ENSMUSG00000037335	CURATED:87[0];MGI:95115[13];MGI:95115[13|6>12|0];Ensembl.MGI:42668[1>0]
MGI:103580	MGI:160277[0];Ensembl.MGI:14192[1>0]	ENSMUSG00000038193	CURATED:88[0];MGI:23277[13];MGI:23277[13|6>12|0];Ensembl.MGI:14192[1>0]
MGI:104554	MGI:171932[0];Ensembl.MGI:18273[1>0]	ENSMUSG00000035158	CURATED:168[0];MGI:36378[13];MGI:36378[13|6>12|0];Ensembl.MGI:18273[1>0]
MGI:104555	MGI:168278[0];Ensembl.MGI:36988[1>0]	ENSMUSG00000074622	CURATED:158[0];MGI:165577[13];MGI:165577[13|6>12|0];Ensembl.MGI:36988[1>0]
MGI:104621	MGI:27402[0];Ensembl.MGI:19924[1>0]	ENSMUSG00000036602	CURATED:2[0];MGI:23565[13];MGI:23565[13|6>12|0];Ensembl.MGI:19924[1>0]
MGI:104634	MGI:582256[0];Ensembl.MGI:51520[1>0]	ENSMUSG00000032280	CURATED:261[0];MGI:9149[13];MGI:9149[13|6>12|0];Ensembl.MGI:51520[1>0]
MGI:104661	MGI:191919[0];Ensembl.MGI:40181[1>0]	ENSMUSG00000032238	CURATED:210[0];MGI:18025[13];MGI:18025[13|6>12|0];Ensembl.MGI:40181[1>0]
MGI:104664	MGI:568427[0];Ensembl.MGI:57002[1>0]	ENSMUSG00000068079	CURATED:252[0];MGI:568427[13|6];MGI:568427[13|6>12|0];Ensembl.MGI:57002[1>0]
MGI:104671	MGI:569165[0];Ensembl.MGI:2024[1>0]	ENSMUSG00000021359	CURATED:256[0];MGI:27775[13];MGI:27775[13|6>12|0];Ensembl.MGI:2024[1>0]
MGI:104685	MGI:749052[0];Ensembl.MGI:35324[1>0]	ENSMUSG00000007805	CURATED:265[0];MGI:85832[13];MGI:85832[13|6>12|0];Ensembl.MGI:35324[1>0]
MGI:104717	MGI:169277[0];Ensembl.MGI:50979[1>0]	ENSMUSG00000020160	CURATED:163[0];MGI:37330[13];MGI:37330[13|6>12|0];Ensembl.MGI:50979[1>0]
MGI:104806	MGI:174835[0];Ensembl.MGI:38582[1>0]	ENSMUSG00000048528	CURATED:185[0];MGI:563260[13];MGI:174835[13|6>12|0];Ensembl.MGI:38582[1>0]
MGI:104853	MGI:160801[0];Ensembl.MGI:36794[1>0]	ENSMUSG00000022528	CURATED:89[0];MGI:162020[13];MGI:160801[13|6>12|0];Ensembl.MGI:36794[1>0]
MGI:104856	MGI:191921[0];Ensembl.MGI:39406[1>0]	ENSMUSG00000028150	CURATED:212[0];MGI:581994[13];MGI:191921[13|6>12|0];Ensembl.MGI:39406[1>0]
MGI:104876	MGI:160804[0];Ensembl.MGI:52088[1>0]	ENSMUSG00000048001	CURATED:91[0];MGI:160804[13|6];MGI:160804[13|6>12|0];Ensembl.MGI:52088[1>0]
MGI:104877	MGI:160803[0];Ensembl.MGI:17418[1>0]	ENSMUSG00000028946	CURATED:90[0];MGI:160803[13|6];MGI:160803[13|6>12|0];Ensembl.MGI:17418[1>0]
MGI:104897	MGI:190877[0];Ensembl.MGI:52483[1>0]	ENSMUSG00000029249	CURATED:209[0];MGI:8870[13];MGI:8870[13|6>12|0];Ensembl.MGI:52483[1>0]
MGI:105084	MGI:563255[0];Ensembl.MGI:6124[1>0]	ENSMUSG00000023927	CURATED:219[0];MGI:9252[13];MGI:9252[13|6>12|0];Ensembl.MGI:6124[1>0]
MGI:106032	MGI:569167[0];Ensembl.MGI:49379[1>0]	ENSMUSG00000028640	CURATED:257[0];MGI:20203[13];MGI:20203[13|6>12|0];Ensembl.MGI:49379[1>0]
MGI:106190	MGI:35201[0];Ensembl.MGI:8348[1>0]	ENSMUSG00000000861	CURATED:11[0];MGI:9828[13];MGI:9828[13|6>12|0];Ensembl.MGI:8348[1>0]
MGI:107167	MGI:569178[0];Ensembl.MGI:23152[1>0]	ENSMUSG00000032411	CURATED:259[0];MGI:3705[13];MGI:3705[13|6>12|0];Ensembl.MGI:23152[1>0]
MGI:107180	MGI:95329[0];Ensembl.MGI:22758[1>0]	ENSMUSG00000036461	CURATED:41[0];MGI:95329[13|6];MGI:95329[13|6>12|0];Ensembl.MGI:22758[1>0]
MGI:107374	MGI:187374[0];Ensembl.MGI:20861[1>0]	ENSMUSG00000021506	CURATED:199[0];MGI:188323[13];MGI:187374[13|6>12|0];Ensembl.MGI:20861[1>0]
MGI:107516	MGI:101209[0];Ensembl.MGI:27318[1>0]	ENSMUSG00000005836	CURATED:80[0];MGI:20306[13];MGI:20306[13|6>12|0];Ensembl.MGI:27318[1>0]
MGI:107543	MGI:566108[0];Ensembl.MGI:41126[1>0]	ENSMUSG00000025902	CURATED:225[0];MGI:566108[13|6];MGI:566108[13|6>12|0];Ensembl.MGI:41126[1>0]
MGI:107595	MGI:566152[0];Ensembl.MGI:12581[1>0]	ENSMUSG00000025323	CURATED:234[0];MGI:15238[13];MGI:15238[13|6>12|0];Ensembl.MGI:12581[1>0]
MGI:107785	MGI:169333[0];Ensembl.MGI:24435[1>0]	ENSMUSG00000030544	CURATED:167[0];MGI:169333[13|6];MGI:169333[13|6>12|0];Ensembl.MGI:24435[1>0]
MGI:107945	MGI:752513[0];Ensembl.MGI:26103[1>0]	ENSMUSG00000045817	CURATED:274[0];MGI:752513[13|6];MGI:752513[13|6>12|0];Ensembl.MGI:26103[1>0]
MGI:108056	MGI:174600[0];Ensembl.MGI:28838[1>0]	ENSMUSG00000028565	CURATED:182[0];MGI:3869[13];MGI:3869[13|6>12|0];Ensembl.MGI:28838[1>0]
MGI:108420	MGI:174596[0];Ensembl.MGI:34317[1>0]	ENSMUSG00000015839	CURATED:181[0];MGI:23153[13];MGI:23153[13|6>12|0];Ensembl.MGI:34317[1>0]
MGI:108564	MGI:169278[0];Ensembl.MGI:51222[1>0]	ENSMUSG00000027210	CURATED:164[0];MGI:18915[13];MGI:18915[13|6>12|0];Ensembl.MGI:51222[1>0]
MGI:109128	MGI:161645[0];Ensembl.MGI:39104[1>0]	ENSMUSG00000017950	CURATED:99[0];MGI:161644[13];MGI:161644[13|6>12|0];Ensembl.MGI:39104[1>0]
MGI:109169	MGI:98321[0];Ensembl.MGI:41688[1>0]	ENSMUSG00000024140	CURATED:47[0];MGI:98321[13|6];MGI:98321[13|6>12|0];Ensembl.MGI:41688[1>0]
MGI:109336	MGI:98911[0];Ensembl.MGI:24719[1>0]	ENSMUSG00000030199	CURATED:53[0];MGI:31188[13];MGI:31188[13|6>12|0];Ensembl.MGI:24719[1>0]
MGI:109360	MGI:166939[0];Ensembl.MGI:31205[1>0]	ENSMUSG00000028266	CURATED:153[0];MGI:19245[13];MGI:19245[13|6>12|0];Ensembl.MGI:31205[1>0]
MGI:109386	MGI:40076[0];Ensembl.MGI:39416[1>0]	ENSMUSG00000024081	CURATED:21[0];MGI:26111[13];MGI:26111[13|6>12|0];Ensembl.MGI:39416[1>0]
MGI:109497	MGI:101207[0];Ensembl.MGI:55378[1>0]	ENSMUSG00000015627	CURATED:79[0];MGI:101207[13|6];MGI:101207[13|6>12|0];Ensembl.MGI:55378[1>0]
MGI:1095400	MGI:752932[0];Ensembl.MGI:40224[1>0]	ENSMUSG00000049577	CURATED:275[0];MGI:752932[13|6];MGI:752932[13|6>12|0];Ensembl.MGI:40224[1>0]
MGI:1096340	MGI:88225[0];Ensembl.MGI:8567[1>0]	ENSMUSG00000016477	CURATED:33[0];MGI:88225[13|6];MGI:88225[13|6>12|0];Ensembl.MGI:8567[1>0]
MGI:1096393	MGI:565739[0];Ensembl.MGI:31353[1>0]	ENSMUSG00000022676	CURATED:222[0];MGI:565510[13];MGI:565510[13|6>12|0];Ensembl.MGI:31353[1>0]
MGI:1096867	MGI:98910[0];Ensembl.MGI:18672[1>0]	ENSMUSG00000013089	CURATED:52[0];MGI:3409[13];MGI:3409[13|6>12|0];Ensembl.MGI:18672[1>0]
MGI:1096873	MGI:164542[0];Ensembl.MGI:8764[1>0]	ENSMUSG00000021356	CURATED:128[0];MGI:23965[13];MGI:23965[13|6>12|0];Ensembl.MGI:8764[1>0]
MGI:1097717	MGI:27598[0];Ensembl.MGI:9104[1>0]	ENSMUSG00000024803	CURATED:3[0];MGI:27386[13];MGI:27386[13|6>12|0];Ensembl.MGI:9104[1>0]
MGI:1100513	MGI:167066[0];Ensembl.MGI:48073[1>0]	ENSMUSG00000038765	CURATED:155[0];MGI:162767[13];MGI:162767[13|6>12|0];Ensembl.MGI:48073[1>0]
MGI:1101353	MGI:165327[0];Ensembl.MGI:16821[1>0]	ENSMUSG00000037465	CURATED:139[0];MGI:22931[13];MGI:22931[13|6>12|0];Ensembl.MGI:16821[1>0]
MGI:1197522	MGI:164573[0];Ensembl.MGI:23549[1>0]	ENSMUSG00000031734	CURATED:132[0];MGI:26556[13];MGI:26556[13|6>12|0];Ensembl.MGI:23549[1>0]
MGI:1197526	MGI:164572[0];Ensembl.MGI:4229[1>0]	ENSMUSG00000001504	CURATED:131[0];MGI:164572[13|6];MGI:164572[13|6>12|0];Ensembl.MGI:4229[1>0]
MGI:1201683	MGI:98305[0];Ensembl.MGI:41076[1>0]	ENSMUSG00000032446	CURATED:46[0];MGI:37628[13];MGI:37628[13|6>12|0];Ensembl.MGI:41076[1>0]
MGI:1201791	MGI:566043[0];Ensembl.MGI:56508[1>0]	ENSMUSG00000053113	CURATED:223[0];MGI:40860[13];MGI:40860[13|6>12|0];Ensembl.MGI:56508[1>0]
MGI:1276125	MGI:749715[0];Ensembl.MGI:48317[1>0]	ENSMUSG00000047751	CURATED:267[0];MGI:25074[13];MGI:25074[13|6>12|0];Ensembl.MGI:48317[1>0]
MGI:1276578	MGI:101525[0];Ensembl.MGI:13289[1>0]	ENSMUSG00000026815	CURATED:83[0];MGI:101525[13|6];MGI:101525[13|6>12|0];Ensembl.MGI:13289[1>0]
MGI:1277166	MGI:566150[0];Ensembl.MGI:56580[1>0]	ENSMUSG00000027109	CURATED:233[0];MGI:69153[13];MGI:69153[13|6>12|0];Ensembl.MGI:56580[1>0]
MGI:1277991	MGI:84687[0];Ensembl.MGI:2293[1>0]	ENSMUSG00000055639	CURATED:26[0];MGI:23131[13];MGI:23131[13|6>12|0];Ensembl.MGI:2293[1>0]
MGI:1298228	MGI:100571[0];Ensembl.MGI:32509[1>0]	ENSMUSG00000038415	CURATED:74[0];MGI:160829[13];MGI:100571[13|6>12|0];Ensembl.MGI:32509[1>0]
MGI:1328360	MGI:28126[0];Ensembl.MGI:40192[1>0]	ENSMUSG00000019564	CURATED:5[0];MGI:86647[13];MGI:28126[13|6>12|0];Ensembl.MGI:40192[1>0]
MGI:1333760	MGI:569183[0];Ensembl.MGI:15210[1>0]	ENSMUSG00000029553	CURATED:260[0];MGI:33794[13];MGI:33794[13|6>12|0];Ensembl.MGI:15210[1>0]
MGI:1333856	MGI:165349[0];Ensembl.MGI:1758[1>0]	ENSMUSG00000033863	CURATED:148[0];MGI:8015[13];MGI:8015[13|6>12|0];Ensembl.MGI:1758[1>0]
MGI:1338056	MGI:165345[0];Ensembl.MGI:2607[1>0]	ENSMUSG00000005148	CURATED:144[0];MGI:13049[13];MGI:13049[13|6>12|0];Ensembl.MGI:2607[1>0]
MGI:1342287	MGI:165338[0];Ensembl.MGI:37141[1>0]	ENSMUSG00000003032	CURATED:143[0];MGI:101670[13];MGI:101670[13|6>12|0];Ensembl.MGI:37141[1>0]
MGI:1342540	MGI:163899[0];Ensembl.MGI:52129[1>0]	ENSMUSG00000018654	CURATED:124[0];MGI:15595[13];MGI:15595[13|6>12|0];Ensembl.MGI:52129[1>0]
MGI:1342541	MGI:163900[0];Ensembl.MGI:39610[1>0]	ENSMUSG00000025997	CURATED:125[0];MGI:19266[13];MGI:19266[13|6>12|0];Ensembl.MGI:39610[1>0]
MGI:1342771	MGI:165326[0];Ensembl.MGI:44084[1>0]	ENSMUSG00000054191	CURATED:138[0];MGI:95285[13];MGI:95285[13|6>12|0];Ensembl.MGI:44084[1>0]
MGI:1342772	MGI:165336[0];Ensembl.MGI:42797[1>0]	ENSMUSG00000055148	CURATED:141[0];MGI:166893[13];MGI:165336[13|6>12|0];Ensembl.MGI:42797[1>0]
MGI:1342773	MGI:165337[0];Ensembl.MGI:54989[1>0]	ENSMUSG00000029178	CURATED:142[0];MGI:18333[13];MGI:18333[13|6>12|0];Ensembl.MGI:54989[1>0]
MGI:1343464	MGI:191920[0];Ensembl.MGI:21910[1>0]	ENSMUSG00000036192	CURATED:211[0];MGI:162214[13];MGI:162214[13|6>12|0];Ensembl.MGI:21910[1>0]
MGI:1344313	MGI:752263[0];Ensembl.MGI:22292[1>0]	ENSMUSG00000024238	CURATED:271[0];MGI:10768[13];MGI:10768[13|6>12|0];Ensembl.MGI:22292[1>0]
MGI:1344407	MGI:752265[0];Ensembl.MGI:53126[1>0]	ENSMUSG00000026872	CURATED:272[0];MGI:17429[13];MGI:17429[13|6>12|0];Ensembl.MGI:53126[1>0]
MGI:1346318	MGI:165346[0];Ensembl.MGI:15408[1>0]	ENSMUSG00000000078	CURATED:145[0];MGI:24449[13];MGI:24449[13|6>12|0];Ensembl.MGI:15408[1>0]
MGI:1347463	MGI:100532[0];Ensembl.MGI:30303[1>0]	ENSMUSG00000078302	CURATED:63[0];MGI:23975[13];MGI:23975[13|6>12|0];Ensembl.MGI:30303[1>0]
MGI:1347466	MGI:100530[0];Ensembl.MGI:32540[1>0]	ENSMUSG00000050295	CURATED:61[0];MGI:40420[13];MGI:40420[13|6>12|0];Ensembl.MGI:32540[1>0]
MGI:1347470	MGI:100540[0];Ensembl.MGI:39775[1>0]	ENSMUSG00000042812	CURATED:65[0];MGI:24577[13];MGI:24577[13|6>12|0];Ensembl.MGI:39775[1>0]
MGI:1347472	MGI:100522[0];Ensembl.MGI:3792[1>0]	ENSMUSG00000035451	CURATED:59[0];MGI:100523[13];MGI:100522[13|6>12|0];Ensembl.MGI:3792[1>0]
MGI:1347473	MGI:100535[0];Ensembl.MGI:45528[1>0]	ENSMUSG00000067261	CURATED:64[0];MGI:160833[13];MGI:100535[13|6>12|0];Ensembl.MGI:45528[1>0]
MGI:1347474	MGI:100548[0];Ensembl.MGI:17680[1>0]	ENSMUSG00000034227	CURATED:67[0];MGI:160835[13];MGI:100548[13|6>12|0];Ensembl.MGI:17680[1>0]
MGI:1347476	MGI:100524[0];Ensembl.MGI:52284[1>0]	ENSMUSG00000037025	CURATED:60[0];MGI:161639[13];MGI:100524[13|6>12|0];Ensembl.MGI:52284[1>0]
MGI:1347478	MGI:100559[0];Ensembl.MGI:4290[1>0]	ENSMUSG00000034998	CURATED:68[0];MGI:10969[13];MGI:10969[13|6>12|0];Ensembl.MGI:4290[1>0]
MGI:1347479	MGI:100542[0];Ensembl.MGI:32530[1>0]	ENSMUSG00000038402	CURATED:66[0];MGI:100236[13];MGI:100236[13|6>12|0];Ensembl.MGI:32530[1>0]
MGI:1347481	MGI:100531[0];Ensembl.MGI:39858[1>0]	ENSMUSG00000046714	CURATED:62[0];MGI:100232[13];MGI:100232[13|6>12|0];Ensembl.MGI:39858[1>0]
MGI:1351322	MGI:171938[0];Ensembl.MGI:47439[1>0]	ENSMUSG00000026497	CURATED:169[0];MGI:171938[13|6];MGI:171938[13|6>12|0];Ensembl.MGI:47439[1>0]
MGI:1352451	MGI:175263[0];Ensembl.MGI:13107[1>0]	ENSMUSG00000069171	CURATED:188[0];MGI:98467[13];MGI:98467[13|6>12|0];Ensembl.MGI:13107[1>0]
MGI:1352452	MGI:175264[0];Ensembl.MGI:14680[1>0]	ENSMUSG00000030551	CURATED:189[0];MGI:17767[13];MGI:17767[13|6>12|0];Ensembl.MGI:14680[1>0]
MGI:1354948	MGI:165330[0];Ensembl.MGI:7472[1>0]	ENSMUSG00000052040	CURATED:140[0];MGI:334[13];MGI:334[13|6>12|0];Ensembl.MGI:7472[1>0]
MGI:1355334	MGI:178721[0];Ensembl.MGI:30415[1>0]	ENSMUSG00000046160	CURATED:191[0];MGI:25875[13];MGI:25875[13|6>12|0];Ensembl.MGI:30415[1>0]
MGI:1859086	MGI:164576[0];Ensembl.MGI:23571[1>0]	ENSMUSG00000031737	CURATED:133[0];MGI:164576[13|6];MGI:164576[13|6>12|0];Ensembl.MGI:23571[1>0]
MGI:1859147	MGI:33662[0];Ensembl.MGI:2994[1>0]	ENSMUSG00000034266	CURATED:10[0];MGI:33662[13|6];MGI:33662[13|6>12|0];Ensembl.MGI:2994[1>0]
MGI:1859212	MGI:164545[0];Ensembl.MGI:55857[1>0]	ENSMUSG00000025498	CURATED:129[0];MGI:164545[13|6];MGI:164545[13|6>12|0];Ensembl.MGI:55857[1>0]
MGI:1859333	MGI:174586[0];Ensembl.MGI:7976[1>0]	ENSMUSG00000003847	CURATED:178[0];MGI:23262[13];MGI:23262[13|6>12|0];Ensembl.MGI:7976[1>0]
MGI:1859852	MGI:160805[0];Ensembl.MGI:35199[1>0]	ENSMUSG00000067071	CURATED:92[0];MGI:23909[13];MGI:23909[13|6>12|0];Ensembl.MGI:35199[1>0]
MGI:1861774	MGI:190556[0];Ensembl.MGI:53873[1>0]	ENSMUSG00000026970	CURATED:208[0];MGI:8785[13];MGI:8785[13|6>12|0];Ensembl.MGI:53873[1>0]
MGI:1888519	MGI:167065[0];Ensembl.MGI:37518[1>0]	ENSMUSG00000026686	CURATED:154[0];MGI:86606[13];MGI:86606[13|6>12|0];Ensembl.MGI:37518[1>0]
MGI:1888984	MGI:568345[0];Ensembl.MGI:51708[1>0]	ENSMUSG00000001444	CURATED:247[0];MGI:568345[13|6];MGI:568345[13|6>12|0];Ensembl.MGI:51708[1>0]
MGI:1890077	MGI:100562[0];Ensembl.MGI:17687[1>0]	ENSMUSG00000044167	CURATED:69[0];MGI:26518[13];MGI:26518[13|6>12|0];Ensembl.MGI:17687[1>0]
MGI:1890081	MGI:100563[0];Ensembl.MGI:11783[1>0]	ENSMUSG00000048756	CURATED:70[0];MGI:3870[13];MGI:3870[13|6>12|0];Ensembl.MGI:11783[1>0]
MGI:1891436	MGI:100569[0];Ensembl.MGI:10638[1>0]	ENSMUSG00000039521	CURATED:73[0];MGI:564093[13];MGI:100569[13|6>12|0];Ensembl.MGI:10638[1>0]
MGI:1891834	MGI:176644[0];Ensembl.MGI:11233[1>0]	ENSMUSG00000030717	CURATED:190[0];MGI:7815[13];MGI:7815[13|6>12|0];Ensembl.MGI:11233[1>0]
MGI:1891915	MGI:100564[0];Ensembl.MGI:32576[1>0]	ENSMUSG00000042903	CURATED:71[0];MGI:100564[11];MGI:100564[13|6>12|0];Ensembl.MGI:32576[1>0]
MGI:1913846	MGI:159569[0];Ensembl.MGI:53210[1>0]	ENSMUSG00000016503	CURATED:86[0];MGI:6983[13];MGI:6983[13|6>12|0];Ensembl.MGI:53210[1>0]
MGI:1914004	MGI:100567[0];Ensembl.MGI:21528[1>0]	ENSMUSG00000030067	CURATED:72[0];MGI:10840[13];MGI:10840[13|6>12|0];Ensembl.MGI:21528[1>0]
MGI:1915031	MGI:164051[0];Ensembl.MGI:45539[1>0]	ENSMUSG00000001016	CURATED:126[0];MGI:15826[13];MGI:15826[13|6>12|0];Ensembl.MGI:45539[1>0]
MGI:1916507	MGI:95330[0];Ensembl.MGI:46374[1>0]	ENSMUSG00000037174	CURATED:42[0];MGI:9076[13];MGI:9076[13|6>12|0];Ensembl.MGI:46374[1>0]
MGI:1916782	MGI:161726[0];Ensembl.MGI:55106[1>0]	ENSMUSG00000059325	CURATED:100[0];MGI:3591[13];MGI:3591[13|6>12|0];Ensembl.MGI:55106[1>0]
MGI:1919200	MGI:174199[0];Ensembl.MGI:50530[1>0]	ENSMUSG00000012396	CURATED:177[0];MGI:8264[13];MGI:8264[13|6>12|0];Ensembl.MGI:50530[1>0]
MGI:1920958	MGI:86567[0];Ensembl.MGI:48496[1>0]	ENSMUSG00000046323	CURATED:31[0];MGI:8506[13];MGI:8506[13|6>12|0];Ensembl.MGI:48496[1>0]
MGI:1922708	MGI:40910[0];Ensembl.MGI:44591[1>0]	ENSMUSG00000054400	CURATED:22[0];MGI:4908[13];MGI:4908[13|6>12|0];Ensembl.MGI:44591[1>0]
MGI:1927715	MGI:566153[0];Ensembl.MGI:19069[1>0]	ENSMUSG00000075304	CURATED:235[0];MGI:187162[11];MGI:566153[13|6>12|0];Ensembl.MGI:19069[1>0]
MGI:1929213	MGI:752148[0];Ensembl.MGI:2728[1>0]	ENSMUSG00000022708	CURATED:270[0];MGI:4436[13];MGI:4436[13|6>12|0];Ensembl.MGI:2728[1>0]
MGI:1929913	MGI:35202[0];Ensembl.MGI:21032[1>0]	ENSMUSG00000048251	CURATED:12[0];MGI:17509[13];MGI:17509[13|6>12|0];Ensembl.MGI:21032[1>0]
MGI:1930768	MGI:28127[0];Ensembl.MGI:17991[1>0]	ENSMUSG00000004661	CURATED:6[0];MGI:86648[13];MGI:28127[13|6>12|0];Ensembl.MGI:17991[1>0]
MGI:1932575	MGI:566154[0];Ensembl.MGI:51692[1>0]	ENSMUSG00000038560	CURATED:236[0];MGI:3678[13];MGI:3678[13|6>12|0];Ensembl.MGI:51692[1>0]
MGI:1935151	MGI:165347[0];Ensembl.MGI:36454[1>0]	ENSMUSG00000025959	CURATED:146[0];MGI:18267[13];MGI:18267[13|6>12|0];Ensembl.MGI:36454[1>0]
MGI:2135679	MGI:160806[0];Ensembl.MGI:55803[1>0]	ENSMUSG00000023781	CURATED:93[0];MGI:160806[13|6];MGI:160806[13|6>12|0];Ensembl.MGI:55803[1>0]
MGI:2140230	MGI:38869[0];Ensembl.MGI:51932[1>0]	ENSMUSG00000014592	CURATED:13[0];MGI:6742[13];MGI:6742[13|6>12|0];Ensembl.MGI:51932[1>0]
MGI:2140340	MGI:26758[0];Ensembl.MGI:11106[1>0]	ENSMUSG00000039158	CURATED:1[0];MGI:25346[13];MGI:25346[13|6>12|0];Ensembl.MGI:11106[1>0]
MGI:2157523	MGI:86566[0];Ensembl.MGI:6078[1>0]	ENSMUSG00000072419	CURATED:30[0];MGI:8522[13];MGI:8522[13|6>12|0];Ensembl.MGI:6078[1>0]
MGI:2157525	MGI:86569[0];Ensembl.MGI:6040[1>0]	ENSMUSG00000058550	CURATED:32[0];MGI:8530[13];MGI:8530[13|6>12|0];Ensembl.MGI:6040[1>0]
MGI:2175912	MGI:28132[0];Ensembl.MGI:8855[1>0]	ENSMUSG00000019947	CURATED:7[0];MGI:14866[13];MGI:14866[13|6>12|0];Ensembl.MGI:8855[1>0]
MGI:2181659	MGI:583144[0];Ensembl.MGI:8422[1>0]	ENSMUSG00000041272	CURATED:262[0];MGI:5001[13];MGI:5001[13|6>12|0];Ensembl.MGI:8422[1>0]
MGI:2385972	MGI:88532[0];Ensembl.MGI:55923[1>0]	ENSMUSG00000053552	CURATED:38[0];MGI:88532[13|6];MGI:88532[13|6>12|0];Ensembl.MGI:55923[1>0]
MGI:2386723	MGI:101703[0];Ensembl.MGI:53339[1>0]	ENSMUSG00000034762	CURATED:84[0];MGI:101703[13|6];MGI:101703[13|6>12|0];Ensembl.MGI:53339[1>0]
MGI:2442086	MGI:583628[0];Ensembl.MGI:34469[1>0]	ENSMUSG00000064043	CURATED:263[0];MGI:17958[13];MGI:17958[13|6>12|0];Ensembl.MGI:34469[1>0]
MGI:2442430	MGI:165348[0];Ensembl.MGI:8105[1>0]	ENSMUSG00000041649	CURATED:147[0];MGI:19372[13];MGI:19372[13|6>12|0];Ensembl.MGI:8105[1>0]
MGI:2443471	MGI:566156[0];Ensembl.MGI:12618[1>0]	ENSMUSG00000048562	CURATED:237[0];MGI:83716[13];MGI:83716[13|6>12|0];Ensembl.MGI:12618[1>0]
MGI:3053002	MGI:175144[0];Ensembl.MGI:28084[1>0]	ENSMUSG00000068302	CURATED:187[0];MGI:100265[13];MGI:100265[13|6>12|0];Ensembl.MGI:28084[1>0]
MGI:88070	MGI:28004[0];Ensembl.MGI:40009[1>0]	ENSMUSG00000019987	CURATED:4[0];MGI:23370[13];MGI:23370[13|6>12|0];Ensembl.MGI:40009[1>0]
MGI:88276	MGI:65208[0];Ensembl.MGI:42271[1>0]	ENSMUSG00000006932	CURATED:25[0];MGI:35392[13];MGI:35392[13|6>12|0];Ensembl.MGI:42271[1>0]
MGI:88360	MGI:40021[0];Ensembl.MGI:2555[1>0]	ENSMUSG00000024619	CURATED:14[0];MGI:40019[13];MGI:40019[13|6>12|0];Ensembl.MGI:2555[1>0]
MGI:88361	MGI:40023[0];Ensembl.MGI:17896[1>0]	ENSMUSG00000029646	CURATED:15[0];MGI:40022[13];MGI:40022[13|6>12|0];Ensembl.MGI:17896[1>0]
MGI:88362	MGI:40027[0];Ensembl.MGI:39413[1>0]	ENSMUSG00000031326	CURATED:16[0];MGI:40024[13];MGI:40024[13|6>12|0];Ensembl.MGI:39413[1>0]
MGI:88373	MGI:40072[0];Ensembl.MGI:55448[1>0]	ENSMUSG00000056501	CURATED:18[0];MGI:174604[13];MGI:40072[13|6>12|0];Ensembl.MGI:55448[1>0]
MGI:88494	MGI:64810[0];Ensembl.MGI:36591[1>0]	ENSMUSG00000025958	CURATED:23[0];MGI:7501[13];MGI:7501[13|6>12|0];Ensembl.MGI:36591[1>0]
MGI:88495	MGI:64827[0];Ensembl.MGI:21105[1>0]	ENSMUSG00000063889	CURATED:24[0];MGI:64827[13|6];MGI:64827[13|6>12|0];Ensembl.MGI:21105[1>0]
MGI:892986	MGI:566396[0];Ensembl.MGI:12867[1>0]	ENSMUSG00000008193	CURATED:239[0];MGI:566396[13|6];MGI:566396[13|6>12|0];Ensembl.MGI:12867[1>0]
MGI:894289	MGI:88531[0];Ensembl.MGI:55806[1>0]	ENSMUSG00000010476	CURATED:37[0];MGI:10727[13];MGI:10727[13|6>12|0];Ensembl.MGI:55806[1>0]
MGI:894332	MGI:88530[0];Ensembl.MGI:9696[1>0]	ENSMUSG00000022053	CURATED:36[0];MGI:70178[13];MGI:70178[13|6>12|0];Ensembl.MGI:9696[1>0]
MGI:894680	MGI:33545[0];Ensembl.MGI:16078[1>0]	ENSMUSG00000025612	CURATED:9[0];MGI:15849[13];MGI:15849[13|6>12|0];Ensembl.MGI:16078[1>0]
MGI:94903	MGI:86116[0];Ensembl.MGI:52465[1>0]	ENSMUSG00000001510	CURATED:27[0];MGI:30561[13];MGI:30561[13|6>12|0];Ensembl.MGI:52465[1>0]
MGI:95275	MGI:88529[0];Ensembl.MGI:23013[1>0]	ENSMUSG00000057098	CURATED:35[0];MGI:32452[13];MGI:32452[13|6>12|0];Ensembl.MGI:23013[1>0]
MGI:95295	MGI:95099[0];Ensembl.MGI:27449[1>0]	ENSMUSG00000038418	CURATED:39[0];MGI:18959[13];MGI:18959[13|6>12|0];Ensembl.MGI:27449[1>0]
MGI:95296	MGI:95101[0];Ensembl.MGI:43871[1>0]	ENSMUSG00000037868	CURATED:40[0];MGI:95100[13];MGI:95100[13|6>12|0];Ensembl.MGI:43871[1>0]
MGI:95389	MGI:95594[0];Ensembl.MGI:16909[1>0]	ENSMUSG00000058665	CURATED:45[0];MGI:95593[13];MGI:95593[13|6>12|0];Ensembl.MGI:16909[1>0]
MGI:95415	MGI:98499[0];Ensembl.MGI:13190[1>0]	ENSMUSG00000040732	CURATED:48[0];MGI:65773[13];MGI:65773[13|6>12|0];Ensembl.MGI:13190[1>0]
MGI:95455	MGI:98899[0];Ensembl.MGI:6430[1>0]	ENSMUSG00000032035	CURATED:49[0];MGI:23218[13];MGI:23218[13|6>12|0];Ensembl.MGI:6430[1>0]
MGI:95456	MGI:98901[0];Ensembl.MGI:13398[1>0]	ENSMUSG00000022895	CURATED:50[0];MGI:29672[13];MGI:29672[13|6>12|0];Ensembl.MGI:13398[1>0]
MGI:95461	MGI:98963[0];Ensembl.MGI:42962[1>0]	ENSMUSG00000005503	CURATED:54[0];MGI:98962[13];MGI:98962[13|6>12|0];Ensembl.MGI:42962[1>0]
MGI:95554	MGI:100267[0];Ensembl.MGI:6240[1>0]	ENSMUSG00000016087	CURATED:55[0];MGI:100266[13];MGI:100266[13|6>12|0];Ensembl.MGI:6240[1>0]
MGI:95574	MGI:100517[0];Ensembl.MGI:2975[1>0]	ENSMUSG00000021250	CURATED:56[0];MGI:69032[13];MGI:69032[13|6>12|0];Ensembl.MGI:2975[1>0]
MGI:95575	MGI:100518[0];Ensembl.MGI:19215[1>0]	ENSMUSG00000003545	CURATED:57[0];MGI:100518[13|6];MGI:100518[13|6>12|0];Ensembl.MGI:19215[1>0]
MGI:95661	MGI:101198[0];Ensembl.MGI:33636[1>0]	ENSMUSG00000031162	CURATED:75[0];MGI:101197[13];MGI:101197[13|6>12|0];Ensembl.MGI:33636[1>0]
MGI:95662	MGI:101200[0];Ensembl.MGI:4965[1>0]	ENSMUSG00000015053	CURATED:76[0];MGI:101199[13];MGI:101199[13|6>12|0];Ensembl.MGI:4965[1>0]
MGI:95663	MGI:101202[0];Ensembl.MGI:55660[1>0]	ENSMUSG00000015619	CURATED:77[0];MGI:101201[13];MGI:101201[13|6>12|0];Ensembl.MGI:55660[1>0]
MGI:95664	MGI:101206[0];Ensembl.MGI:4951[1>0]	ENSMUSG00000021944	CURATED:78[0];MGI:101205[13];MGI:101205[13|6>12|0];Ensembl.MGI:4951[1>0]
MGI:95668	MGI:101258[0];Ensembl.MGI:31749[1>0]	ENSMUSG00000034486	CURATED:81[0];MGI:101257[13];MGI:101257[13|6>12|0];Ensembl.MGI:31749[1>0]
MGI:95841	MGI:159342[0];Ensembl.MGI:18867[1>0]	ENSMUSG00000021095	CURATED:85[0];MGI:159342[13|6];MGI:159342[13|6>12|0];Ensembl.MGI:18867[1>0]
MGI:96071	MGI:160807[0];Ensembl.MGI:37095[1>0]	ENSMUSG00000040726	CURATED:94[0];MGI:192700[13];MGI:160807[13|6>12|0];Ensembl.MGI:37095[1>0]
MGI:96086	MGI:160895[0];Ensembl.MGI:31512[1>0]	ENSMUSG00000024986	CURATED:95[0];MGI:160896[13];MGI:160895[13|6>12|0];Ensembl.MGI:31512[1>0]
MGI:96108	MGI:161393[0];Ensembl.MGI:48005[1>0]	ENSMUSG00000003949	CURATED:96[0];MGI:88194[13];MGI:88194[13|6>12|0];Ensembl.MGI:48005[1>0]
MGI:96109	MGI:161410[0];Ensembl.MGI:21455[1>0]	ENSMUSG00000039377	CURATED:97[0];MGI:161411[13];MGI:161410[13|6>12|0];Ensembl.MGI:21455[1>0]
MGI:96160	MGI:161494[0];Ensembl.MGI:44650[1>0]	ENSMUSG00000046711	CURATED:98[0];MGI:26959[13];MGI:26959[13|6>12|0];Ensembl.MGI:44650[1>0]
MGI:96170	MGI:161793[0];Ensembl.MGI:42933[1>0]	ENSMUSG00000029844	CURATED:101[0];MGI:161746[13];MGI:161746[13|6>12|0];Ensembl.MGI:42933[1>0]
MGI:96171	MGI:161794[0];Ensembl.MGI:42810[1>0]	ENSMUSG00000000938	CURATED:102[0];MGI:161748[13];MGI:161748[13|6>12|0];Ensembl.MGI:42810[1>0]
MGI:96172	MGI:161795[0];Ensembl.MGI:42815[1>0]	ENSMUSG00000038210	CURATED:103[0];MGI:161749[13];MGI:161749[13|6>12|0];Ensembl.MGI:42815[1>0]
MGI:96175	MGI:161801[0];Ensembl.MGI:42952[1>0]	ENSMUSG00000079560	CURATED:104[0];MGI:161745[13];MGI:161745[13|6>12|0];Ensembl.MGI:42952[1>0]
MGI:96176	MGI:161802[0];Ensembl.MGI:42773[1>0]	ENSMUSG00000000942	CURATED:105[0];MGI:30521[13];MGI:30521[13|6>12|0];Ensembl.MGI:42773[1>0]
MGI:96177	MGI:161803[0];Ensembl.MGI:42774[1>0]	ENSMUSG00000038253	CURATED:106[0];MGI:161743[13];MGI:161743[13|6>12|0];Ensembl.MGI:42774[1>0]
MGI:96179	MGI:161805[0];Ensembl.MGI:42779[1>0]	ENSMUSG00000038236	CURATED:107[0];MGI:30452[13];MGI:30452[13|6>12|0];Ensembl.MGI:42779[1>0]
MGI:96180	MGI:161806[0];Ensembl.MGI:42788[1>0]	ENSMUSG00000038227	CURATED:108[0];MGI:161747[13];MGI:161747[13|6>12|0];Ensembl.MGI:42788[1>0]
MGI:96182	MGI:161810[0];Ensembl.MGI:56380[1>0]	ENSMUSG00000018973	CURATED:109[0];MGI:161759[13];MGI:161759[13|6>12|0];Ensembl.MGI:56380[1>0]
MGI:96185	MGI:161815[0];Ensembl.MGI:56375[1>0]	ENSMUSG00000038692	CURATED:110[0];MGI:161756[13];MGI:161756[13|6>12|0];Ensembl.MGI:56375[1>0]
MGI:96186	MGI:161816[0];Ensembl.MGI:56373[1>0]	ENSMUSG00000038700	CURATED:111[0];MGI:23989[13];MGI:23989[13|6>12|0];Ensembl.MGI:56373[1>0]
MGI:96187	MGI:161818[0];Ensembl.MGI:56372[1>0]	ENSMUSG00000000690	CURATED:112[0];MGI:161752[13];MGI:161752[13|6>12|0];Ensembl.MGI:56372[1>0]
MGI:96190	MGI:161821[0];Ensembl.MGI:56367[1>0]	ENSMUSG00000020875	CURATED:113[0];MGI:161755[13];MGI:161755[13|6>12|0];Ensembl.MGI:56367[1>0]
MGI:96196	MGI:161829[0];Ensembl.MGI:33136[1>0]	ENSMUSG00000022485	CURATED:114[0];MGI:23124[13];MGI:23124[13|6>12|0];Ensembl.MGI:33136[1>0]
MGI:96198	MGI:161831[0];Ensembl.MGI:33152[1>0]	ENSMUSG00000001657	CURATED:115[0];MGI:69132[13];MGI:69132[13|6>12|0];Ensembl.MGI:33152[1>0]
MGI:96199	MGI:161832[0];Ensembl.MGI:33143[1>0]	ENSMUSG00000036139	CURATED:116[0];MGI:161762[13];MGI:161762[13|6>12|0];Ensembl.MGI:33143[1>0]
MGI:96207	MGI:161839[0];Ensembl.MGI:33292[1>0]	ENSMUSG00000079277	CURATED:117[0];MGI:161770[13];MGI:161770[13|6>12|0];Ensembl.MGI:33292[1>0]
MGI:96208	MGI:161842[0];Ensembl.MGI:33466[1>0]	ENSMUSG00000101174	CURATED:118[0];MGI:161771[13];MGI:161771[13|6>12|0];Ensembl.MGI:33466[1>0]
MGI:96210	MGI:161844[0];Ensembl.MGI:33279[1>0]	ENSMUSG00000043342	CURATED:119[0];MGI:161773[13];MGI:161773[13|6>12|0];Ensembl.MGI:33279[1>0]
MGI:96395	MGI:164546[0];Ensembl.MGI:39697[1>0]	ENSMUSG00000041515	CURATED:130[0];MGI:26535[13];MGI:26535[13|6>12|0];Ensembl.MGI:39697[1>0]
MGI:96396	MGI:162771[0];Ensembl.MGI:9429[1>0]	ENSMUSG00000042745	CURATED:120[0];MGI:23712[13];MGI:23712[13|6>12|0];Ensembl.MGI:9429[1>0]
MGI:96397	MGI:162772[0];Ensembl.MGI:6782[1>0]	ENSMUSG00000020644	CURATED:121[0];MGI:23321[13];MGI:23321[13|6>12|0];Ensembl.MGI:6782[1>0]
MGI:96398	MGI:162773[0];Ensembl.MGI:26204[1>0]	ENSMUSG00000007872	CURATED:122[0];MGI:162778[13];MGI:162773[13|6>12|0];Ensembl.MGI:26204[1>0]
MGI:96590	MGI:164536[0];Ensembl.MGI:55376[1>0]	ENSMUSG00000018899	CURATED:127[0];MGI:29446[13];MGI:29446[13|6>12|0];Ensembl.MGI:55376[1>0]
MGI:96646	MGI:164897[0];Ensembl.MGI:50336[1>0]	ENSMUSG00000052684	CURATED:135[0];MGI:164899[13];MGI:164897[13|6>12|0];Ensembl.MGI:50336[1>0]
MGI:96647	MGI:164898[0];Ensembl.MGI:16169[1>0]	ENSMUSG00000052837	CURATED:136[0];MGI:164898[13|6];MGI:164898[13|6>12|0];Ensembl.MGI:16169[1>0]
MGI:96648	MGI:164900[0];Ensembl.MGI:37955[1>0]	ENSMUSG00000071076	CURATED:137[0];MGI:164901[13];MGI:164900[13|6>12|0];Ensembl.MGI:37955[1>0]
MGI:96770	MGI:166552[0];Ensembl.MGI:18081[1>0]	ENSMUSG00000027985	CURATED:149[0];MGI:24611[13];MGI:24611[13|6>12|0];Ensembl.MGI:18081[1>0]
MGI:96785	MGI:166743[0];Ensembl.MGI:52419[1>0]	ENSMUSG00000000247	CURATED:151[0];MGI:166743[13|6];MGI:166743[13|6>12|0];Ensembl.MGI:52419[1>0]
MGI:96891	MGI:167939[0];Ensembl.MGI:43975[1>0]	ENSMUSG00000034041	CURATED:156[0];MGI:167938[13];MGI:167938[13|6>12|0];Ensembl.MGI:43975[1>0]
MGI:96908	MGI:173843[0];Ensembl.MGI:44100[1>0]	ENSMUSG00000001156	CURATED:172[0];MGI:31178[13];MGI:31178[13|6>12|0];Ensembl.MGI:44100[1>0]
MGI:96909	MGI:168274[0];Ensembl.MGI:17323[1>0]	ENSMUSG00000055435	CURATED:157[0];MGI:9859[13];MGI:9859[13|6>12|0];Ensembl.MGI:17323[1>0]
MGI:96911	MGI:168280[0];Ensembl.MGI:33514[1>0]	ENSMUSG00000051510	CURATED:159[0];MGI:20788[13];MGI:20788[13|6>12|0];Ensembl.MGI:33514[1>0]
MGI:96920	MGI:28377[0];Ensembl.MGI:54127[1>0]	ENSMUSG00000009248	CURATED:8[0];MGI:8517[13];MGI:8517[13|6>12|0];Ensembl.MGI:54127[1>0]
MGI:97168	MGI:173251[0];Ensembl.MGI:26650[1>0]	ENSMUSG00000048450	CURATED:170[0];MGI:21242[13];MGI:21242[13|6>12|0];Ensembl.MGI:26650[1>0]
MGI:97169	MGI:173254[0];Ensembl.MGI:11182[1>0]	ENSMUSG00000021469	CURATED:171[0];MGI:33830[13];MGI:33830[13|6>12|0];Ensembl.MGI:11182[1>0]
MGI:97245	MGI:173847[0];Ensembl.MGI:31921[1>0]	ENSMUSG00000025025	CURATED:173[0];MGI:173847[13|6];MGI:173847[13|6>12|0];Ensembl.MGI:31921[1>0]
MGI:97249	MGI:173874[0];Ensembl.MGI:30669[1>0]	ENSMUSG00000019982	CURATED:174[0];MGI:25180[13];MGI:25180[13|6>12|0];Ensembl.MGI:30669[1>0]
MGI:97250	MGI:173885[0];Ensembl.MGI:4600[1>0]	ENSMUSG00000022346	CURATED:176[0];MGI:29060[13];MGI:29060[13|6>12|0];Ensembl.MGI:4600[1>0]
MGI:97308	MGI:174594[0];Ensembl.MGI:2737[1>0]	ENSMUSG00000058794	CURATED:180[0];MGI:174594[13|6];MGI:174594[13|6>12|0];Ensembl.MGI:2737[1>0]
MGI:97312	MGI:174607[0];Ensembl.MGI:22193[1>0]	ENSMUSG00000028163	CURATED:183[0];MGI:174607[13|6];MGI:174607[13|6>12|0];Ensembl.MGI:22193[1>0]
MGI:97317	MGI:174627[0];Ensembl.MGI:50189[1>0]	ENSMUSG00000020248	CURATED:184[0];MGI:21499[13];MGI:21499[13|6>12|0];Ensembl.MGI:50189[1>0]
MGI:97350	MGI:174842[0];Ensembl.MGI:20628[1>0]	ENSMUSG00000015579	CURATED:186[0];MGI:65137[13];MGI:65137[13|6>12|0];Ensembl.MGI:20628[1>0]
MGI:97450	MGI:185838[0];Ensembl.MGI:51543[1>0]	ENSMUSG00000005917	CURATED:192[0];MGI:19210[13];MGI:19210[13|6>12|0];Ensembl.MGI:51543[1>0]
MGI:97451	MGI:185839[0];Ensembl.MGI:16912[1>0]	ENSMUSG00000021848	CURATED:193[0];MGI:88143[13];MGI:88143[13|6>12|0];Ensembl.MGI:16912[1>0]
MGI:97486	MGI:186224[0];Ensembl.MGI:35867[1>0]	ENSMUSG00000004231	CURATED:194[0];MGI:178758[13];MGI:178758[13|6>12|0];Ensembl.MGI:35867[1>0]
MGI:97487	MGI:186226[0];Ensembl.MGI:6514[1>0]	ENSMUSG00000004872	CURATED:195[0];MGI:186225[13];MGI:186225[13|6>12|0];Ensembl.MGI:6514[1>0]
MGI:97489	MGI:186230[0];Ensembl.MGI:43728[1>0]	ENSMUSG00000014030	CURATED:196[0];MGI:186229[13];MGI:186229[13|6>12|0];Ensembl.MGI:43728[1>0]
MGI:97490	MGI:186232[0];Ensembl.MGI:47218[1>0]	ENSMUSG00000027168	CURATED:197[0];MGI:4727[13];MGI:4727[13|6>12|0];Ensembl.MGI:47218[1>0]
MGI:97495	MGI:186339[0];Ensembl.MGI:37624[1>0]	ENSMUSG00000052534	CURATED:198[0];MGI:8021[13];MGI:8021[13|6>12|0];Ensembl.MGI:37624[1>0]
MGI:97856	MGI:190162[0];Ensembl.MGI:13285[1>0]	ENSMUSG00000037992	CURATED:205[0];MGI:190162[13|6];MGI:190162[13|6>12|0];Ensembl.MGI:13285[1>0]
MGI:97857	MGI:190163[0];Ensembl.MGI:29871[1>0]	ENSMUSG00000017491	CURATED:206[0];MGI:160284[13];MGI:160284[13|6>12|0];Ensembl.MGI:29871[1>0]
MGI:97858	MGI:190172[0];Ensembl.MGI:24073[1>0]	ENSMUSG00000001288	CURATED:207[0];MGI:23998[13];MGI:23998[13|6>12|0];Ensembl.MGI:24073[1>0]
MGI:98214	MGI:563073[0];Ensembl.MGI:56805[1>0]	ENSMUSG00000015846	CURATED:216[0];MGI:18105[13];MGI:18105[13|6>12|0];Ensembl.MGI:56805[1>0]
MGI:98215	MGI:563074[0];Ensembl.MGI:36374[1>0]	ENSMUSG00000039656	CURATED:217[0];MGI:26958[13];MGI:26958[13|6>12|0];Ensembl.MGI:36374[1>0]
MGI:98216	MGI:563075[0];Ensembl.MGI:37484[1>0]	ENSMUSG00000015843	CURATED:218[0];MGI:563075[13|6];MGI:563075[13|6>12|0];Ensembl.MGI:37484[1>0]
MGI:98218	MGI:189054[0];Ensembl.MGI:34639[1>0]	ENSMUSG00000039476	CURATED:204[0];MGI:563131[13];MGI:189054[13|6>12|0];Ensembl.MGI:34639[1>0]
MGI:98282	MGI:566364[0];Ensembl.MGI:57156[1>0]	ENSMUSG00000002111	CURATED:238[0];MGI:563961[11];MGI:564120[13|6>12|0];Ensembl.MGI:57156[1>0]
MGI:98330	MGI:565738[0];Ensembl.MGI:55430[1>0]	ENSMUSG00000042821	CURATED:221[0];MGI:23155[13];MGI:23155[13|6>12|0];Ensembl.MGI:55430[1>0]
MGI:98357	MGI:566093[0];Ensembl.MGI:44437[1>0]	ENSMUSG00000096014	CURATED:224[0];MGI:33958[13];MGI:33958[13|6>12|0];Ensembl.MGI:44437[1>0]
MGI:98364	MGI:566113[0];Ensembl.MGI:6695[1>0]	ENSMUSG00000074637	CURATED:227[0];MGI:166425[13];MGI:166425[13|6>12|0];Ensembl.MGI:6695[1>0]
MGI:98365	MGI:566119[0];Ensembl.MGI:26814[1>0]	ENSMUSG00000045179	CURATED:228[0];MGI:566118[13];MGI:566118[13|6>12|0];Ensembl.MGI:26814[1>0]
MGI:98366	MGI:566122[0];Ensembl.MGI:8316[1>0]	ENSMUSG00000076431	CURATED:229[0];MGI:21264[13];MGI:21264[13|6>12|0];Ensembl.MGI:8316[1>0]
MGI:98368	MGI:566133[0];Ensembl.MGI:31760[1>0]	ENSMUSG00000051910	CURATED:230[0];MGI:26623[13];MGI:26623[13|6>12|0];Ensembl.MGI:31760[1>0]
MGI:98369	MGI:566135[0];Ensembl.MGI:5242[1>0]	ENSMUSG00000063060	CURATED:231[0];MGI:566135[13|6];MGI:566135[13|6>12|0];Ensembl.MGI:5242[1>0]
MGI:98371	MGI:566137[0];Ensembl.MGI:48228[1>0]	ENSMUSG00000000567	CURATED:232[0];MGI:7094[13];MGI:7094[13|6>12|0];Ensembl.MGI:48228[1>0]
MGI:98472	MGI:567593[0];Ensembl.MGI:35115[1>0]	ENSMUSG00000062327	CURATED:244[0];MGI:41582[13];MGI:41582[13|6>12|0];Ensembl.MGI:35115[1>0]
MGI:98480	MGI:568081[0];Ensembl.MGI:48327[1>0]	ENSMUSG00000028717	CURATED:245[0];MGI:161897[13];MGI:161897[13|6>12|0];Ensembl.MGI:48327[1>0]
MGI:98495	MGI:568347[0];Ensembl.MGI:41341[1>0]	ENSMUSG00000018604	CURATED:248[0];MGI:79417[13];MGI:79417[13|6>12|0];Ensembl.MGI:41341[1>0]
MGI:98507	MGI:568448[0];Ensembl.MGI:34217[1>0]	ENSMUSG00000000782	CURATED:255[0];MGI:24833[13];MGI:24833[13|6>12|0];Ensembl.MGI:34217[1>0]
MGI:98510	MGI:568438[0];Ensembl.MGI:36510[1>0]	ENSMUSG00000020167	CURATED:253[0];MGI:20040[13];MGI:20040[13|6>12|0];Ensembl.MGI:36510[1>0]
MGI:98872	MGI:749051[0];Ensembl.MGI:12580[1>0]	ENSMUSG00000035799	CURATED:264[0];MGI:21475[13];MGI:21475[13|6>12|0];Ensembl.MGI:12580[1>0]
MGI:98970	MGI:751527[0];Ensembl.MGI:55899[1>0]	ENSMUSG00000020484	CURATED:268[0];MGI:67336[13];MGI:67336[13|6>12|0];Ensembl.MGI:55899[1>0]
MGI:99253	MGI:98906[0];Ensembl.MGI:51073[1>0]	ENSMUSG00000006311	CURATED:51[0];MGI:98902[13];MGI:98902[13|6>12|0];Ensembl.MGI:51073[1>0]
MGI:99480	MGI:40070[0];Ensembl.MGI:55127[1>0]	ENSMUSG00000034957	CURATED:17[0];MGI:40069[13];MGI:40069[13|6>12|0];Ensembl.MGI:55127[1>0]
MGI:99532	MGI:169246[0];Ensembl.MGI:13170[1>0]	ENSMUSG00000030557	CURATED:160[0];MGI:18849[13];MGI:18849[13|6>12|0];Ensembl.MGI:13170[1>0]
MGI:99533	MGI:169250[0];Ensembl.MGI:40776[1>0]	ENSMUSG00000001419	CURATED:162[0];MGI:38180[13];MGI:38180[13|6>12|0];Ensembl.MGI:40776[1>0]
MGI:99655	MGI:188692[0];Ensembl.MGI:12909[1>0]	ENSMUSG00000038151	CURATED:203[0];MGI:33074[13];MGI:33074[13|6>12|0];Ensembl.MGI:12909[1>0]
MGI:99783	MGI:166741[0];Ensembl.MGI:41228[1>0]	ENSMUSG00000018698	CURATED:150[0];MGI:166741[13|6];MGI:166741[13|6>12|0];Ensembl.MGI:41228[1>0]
MGI:99829	MGI:563027[0];Ensembl.MGI:23408[1>0]	ENSMUSG00000039153	CURATED:214[0];MGI:39119[13];MGI:39119[13|6>12|0];Ensembl.MGI:23408[1>0]
MGI:99852	MGI:563025[0];Ensembl.MGI:7196[1>0]	ENSMUSG00000022952	CURATED:213[0];MGI:24709[13];MGI:24709[13|6>12|0];Ensembl.MGI:7196[1>0]
MGI:99925	MGI:173878[0];Ensembl.MGI:5037[1>0]	ENSMUSG00000025912	CURATED:175[0];MGI:190864[13];MGI:173878[13|6>12|0];Ensembl.MGI:5037[1>0]
MGI:99948	MGI:752289[0];Ensembl.MGI:8975[1>0]	ENSMUSG00000038872	CURATED:273[0];MGI:18658[13];MGI:18658[13|6>12|0];Ensembl.MGI:8975[1>0]
MGI:99961	MGI:749629[0];Ensembl.MGI:40785[1>0]	ENSMUSG00000058239	CURATED:266[0];MGI:749629[13|6];MGI:749629[13|6>12|0];Ensembl.MGI:40785[1>0]
